Taxon	Reference	uniquePerReference	nonStacked	nonDuplicatesonReference	TotalAlignmentsOnReference	ReferenceLength
Actinobacillus_equuli	NA	0	0	0	0	0
Actinobacillus_pleuropneumoniae	NA	0	0	0	0	0
African_swine_fever_virus	NA	0	0	0	0	0
Aphthovirus	NA	0	0	0	0	0
Arcanobacterium_haemolyticum	Arcanobacterium_haemolyticum	1	3	3	5	1988850
Aspergillus_fumigatus	NA	0	0	0	0	0
Bartonella_bacilliformis	Bartonella_bacilliformis	1	1	1	1	1443410
Bartonella_henselae	Bartonella_henselae	1	1	1	1	1963796
Bartonella_quintana	Bartonella_quintana	0	0	2	2	1650124
Bartonella_quintana_RM-11	Bartonella_quintana_RM-11	1	3	3	3	1587646
Blastomyces_dermatitidis	NA	0	0	0	0	0
Bordetella_bronchialis	Bordetella_bronchialis	0.775	90	118	139	5878756
Bordetella_bronchiseptica	Bordetella_bronchiseptica	0.813	44	54	64	5081368
Bordetella_genomosp._13	Bordetella_genomosp._13	0.792	108	144	175	5380929
Bordetella_pertussis	Bordetella_pertussis	1	14	14	19	4314502
Bordetella_pertussis_137	Bordetella_pertussis_137	1	9	9	10	4134593
Bordetella_pertussis_18323	Bordetella_pertussis_18323	0.778	13	17	19	4043846
Bordetella_petrii	Bordetella_petrii	0.888	95	113	131	5287950
Bordetella_trematum	Bordetella_trematum	0.773	63	81	103	4480141
Borrelia_crocidurae	NA	0	0	0	0	0
Borrelia_crocidurae_DOU	Borrelia_crocidurae_DOU	1	2	2	2	916000
Borrelia_recurrentis	NA	0	0	0	0	0
Borreliella_afzelii	Borreliella_afzelii_PKo	1	1	1	1	903609
Borreliella_burgdorferi	NA	0	0	0	0	0
Borreliella_garinii	NA	0	0	0	0	0
Bovine_rhinitis_A_virus	NA	0	0	0	0	0
Brucella_abortus	Brucella_abortus	1	2	2	2	2124832
Brucella_canis	NA	0	0	0	0	0
Brucella_melitensis	NA	0	0	0	0	0
Brucella_melitensis_bv._2_str._63/9	NA	1	1	1	1	2370875
Brucella_microti	NA	0	0	0	0	0
Brucella_microti_CCM_4915	Brucella_microti_CCM_4915	1	1	1	1	1220319
Brucella_ovis	NA	0	0	0	0	0
Brucella_ovis_ATCC_25840	Brucella_ovis_ATCC_25840	0	0	2	2	2111370
Brucella_suis	NA	0	0	0	0	0
Burkholderia_cepacia	Burkholderia_cepacia	0.907	14	16	20	3683734
Burkholderia_cepacia_ATCC_25416	Burkholderia_cepacia_ATCC_25416	0.551	10	19	25	3396958
Burkholderia_cepacia_JBK9	Burkholderia_cepacia_JBK9	0.803	13	17	20	3790084
Burkholderia_gladioli	Burkholderia_gladioli	0.742	60	81	95	4450890
Burkholderia_gladioli_BSR3	Burkholderia_gladioli_BSR3	0.776	17	22	26	3700833
Burkholderia_gladioli_pv._gladioli	Burkholderia_gladioli_pv._gladioli	0.855	53	63	77	4668350
Burkholderia_mallei	Burkholderia_mallei	1	4	4	5	2325354
Burkholderia_mallei_NCTC_10229	Burkholderia_mallei_NCTC_10229	1	1	1	1	3458208
Burkholderia_mallei_NCTC_10247	Burkholderia_mallei_NCTC_10247	1	3	3	3	3476239
Burkholderia_multivorans	Burkholderia_multivorans	0.814	38	48	62	3330593
Burkholderia_multivorans_ATCC_17616	Burkholderia_multivorans_ATCC_17616	1	31	31	34	3448421
Burkholderia_multivorans_ATCC_BAA-247	Burkholderia_multivorans_ATCC_BAA-247	0.942	27	29	36	3428264
Burkholderia_pseudomallei	Burkholderia_pseudomallei	1	17	17	23	3269674
Burkholderia_pseudomallei_1106b	Burkholderia_pseudomallei_1106b	1	2	2	8	3976928
Burkholderia_pseudomallei_1710a	Burkholderia_pseudomallei_1710a	0.426	2	6	6	4118977
Burkholderia_pseudomallei_1710b	Burkholderia_pseudomallei_1710b	1	5	5	7	4126292
Burkholderia_pseudomallei_7894	Burkholderia_pseudomallei_7894	1	1	1	1	3260260
Burkholderia_pseudomallei_B03	Burkholderia_pseudomallei_B03	0.669	3	5	5	4008750
Burkholderia_pseudomallei_MSHR1153	Burkholderia_pseudomallei_MSHR1153	0.472	1	3	3	3280677
Burkholderia_pseudomallei_MSHR2543	Burkholderia_pseudomallei_MSHR2543	1	3	3	4	3205965
Burkholderia_pseudomallei_MSHR346	Burkholderia_pseudomallei	1	1	1	1	3158067
Burkholderia_pseudomallei_MSHR435	Burkholderia_pseudomallei_MSHR435	1	2	2	2	3295773
Burkholderia_pseudomallei_NCTC_13179	Burkholderia_pseudomallei_NCTC_13179	1	2	2	2	3340068
Burkholderia_pseudomallei_Pasteur_52237	Burkholderia_pseudomallei_Pasteur_52237	0.05	0	3	3	4140573
Campylobacter_coli	NA	0	0	0	0	0
Campylobacter_coli_RM1875	Campylobacter_coli_RM1875	0	0	2	2	1814252
Campylobacter_fetus	Campylobacter_fetus_subsp._fetus	1	1	1	1	1849237
Campylobacter_fetus_subsp._testudinum_Sp3	Campylobacter_fetus_subsp._testudinum_Sp3	1	1	1	1	1819051
Campylobacter_gracilis	Campylobacter_gracilis	1	2	2	2	2281730
Campylobacter_showae	Campylobacter_showae	1	2	2	3	2160580
Canine_morbillivirus	NA	0	0	0	0	0
Chlamydia_abortus	NA	0	0	0	0	0
Chlamydia_abortus_LLG	Chlamydia_abortus_LLG	1	1	1	1	1143694
Chlamydia_caviae	NA	0	0	0	0	0
Chlamydia_felis	NA	0	0	0	0	0
Chlamydia_muridarum	NA	0	0	0	0	0
Chlamydia_pecorum	NA	0	0	0	0	0
Chlamydia_pneumoniae	Chlamydia_pneumoniae	1	1	1	1	1228125
Chlamydia_pneumoniae_AR39	Chlamydia_pneumoniae_AR39	0	0	2	2	1229853
Chlamydia_psittaci	NA	0	0	0	0	0
Chlamydia_suis	Chlamydia_suis	1	3	3	3	1101914
Chlamydia_trachomatis	NA	0	0	0	0	0
Corynebacterium_ammoniagenes	Corynebacterium_ammoniagenes	1	4	4	4	2808265
Corynebacterium_amycolatum	Corynebacterium_amycolatum	0.17	0	2	3	2802624
Corynebacterium_bovis	Corynebacterium_bovis	0.919	27	29	31	2600540
Corynebacterium_crudilactis	Corynebacterium_crudilactis	1	1	1	1	3047373
Corynebacterium_diphtheriae	Corynebacterium_diphtheriae	1	1	1	1	2463627
Corynebacterium_diphtheriae_HC03	Corynebacterium_diphtheriae_HC03	1	1	1	1	2478364
Corynebacterium_jeikeium	Corynebacterium_jeikeium	1	4	4	5	2414649
Corynebacterium_jeikeium_K411	Corynebacterium_jeikeium_K411	1	10	10	13	2462499
Corynebacterium_kroppenstedtii	Corynebacterium_kroppenstedtii	1	4	4	5	2511877
Corynebacterium_maris	NA	0	0	0	0	0
Corynebacterium_maris_DSM_45190	Corynebacterium_maris_DSM_45190	1	20	20	26	2787574
Corynebacterium_matruchotii	Corynebacterium_matruchotii	1	4	4	4	2878842
Corynebacterium_minutissimum	Corynebacterium_minutissimum	0.826	6	8	9	2725312
Corynebacterium_pseudotuberculosis	NA	0	0	0	0	0
Corynebacterium_pseudotuberculosis_Cp162	Corynebacterium_pseudotuberculosis_Cp162	1	1	1	1	2382103
Corynebacterium_renale	Corynebacterium_renale	1	2	2	3	2335089
Corynebacterium_segmentosum	Corynebacterium_segmentosum	1	3	3	3	2373440
Corynebacterium_sphenisci	NA	0	0	0	0	0
Corynebacterium_sphenisci_DSM_44792	Corynebacterium_sphenisci_DSM_44792	0.933	30	34	39	2594799
Corynebacterium_stationis	Corynebacterium_stationis	1	1	1	1	2853666
Corynebacterium_striatum	Corynebacterium_striatum	1	5	5	8	2952500
Corynebacterium_urealyticum	Corynebacterium_urealyticum	0.864	12	14	17	2377532
Corynebacterium_ureicelerivorans	Corynebacterium_ureicelerivorans	0.823	9	11	14	2279990
Corynebacterium_xerosis	Corynebacterium_xerosis	1	18	18	19	2738835
Cowpox_virus	NA	0	0	0	0	0
Coxiella_burnetii	Coxiella_burnetii	1	8	8	10	1962490
Coxiella_burnetii_Dugway_5J108-111	Coxiella_burnetii_Dugway_5J108-111	1	4	4	4	2158758
Coxiella_burnetii_str._Schperling	Coxiella_burnetii_str._Schperling	1	6	6	6	2010932
Cryptosporidium	NA	0	0	0	0	0
Cryptosporidium_parvum	NA	0	0	0	0	0
Deltaretrovirus	NA	0	0	0	0	0
Ehrlichia_canis	Ehrlichia_canis	1	1	1	1	1312022
Enterococcus_avium	Enterococcus_avium	1	2	2	2	3623727
Enterococcus_casseliflavus	Enterococcus_casseliflavus	1	1	1	1	3450044
Enterococcus_cecorum	NA	0	0	0	0	0
Enterococcus_durans	Enterococcus_durans	0.381	1	4	5	3014408
Enterococcus_faecalis	Enterococcus_faecalis	1	3	3	4	2991600
Enterococcus_faecalis_R712	Enterococcus_faecalis_R712	1	2	2	4	2944359
Enterococcus_faecium	Enterococcus_faecium	1	2	2	2	2743333
Enterococcus_faecium_Com15	Enterococcus_faecium_Com15	0	0	2	2	2696561
Enterococcus_hirae	Enterococcus_hirae	1	1	1	1	2886481
Enterococcus_mundtii	Enterococcus_mundtii	0	0	2	2	2768701
Enterovirus_B	NA	0	0	0	0	0
Epizootic_hemorrhagic_disease_virus_(serotype_1_/_strain_New_Jersey)	NA	0	0	0	0	0
Equine_rhinitis_A_virus	NA	0	0	0	0	0
Erysipelothrix_rhusiopathiae	Erysipelothrix_rhusiopathiae	1	1	1	1	1945689
Erysipelothrix_rhusiopathiae_str._Fujisawa	Erysipelothrix_rhusiopathiae	0	0	2	2	1778058
Erythroparvovirus	NA	0	0	0	0	0
Escherichia_coli	Escherichia_coli	1	3	3	4	5201262
Escherichia_coli_O111	NA	0	0	0	0	0
Escherichia_coli_O157:H7	NA	0	0	0	0	0
Escherichia_coli_O169:H41	Escherichia_coli	0	0	2	2	5191304
Escherichia_coli_O26	NA	0	0	0	0	0
Escherichia_coli_O7:K1_str._CE10	Escherichia_coli	0	0	2	2	5278133
Francisella_tularensis	Francisella_tularensis	1	2	2	3	1899676
Francisella_tularensis_subsp._novicida_U112	Francisella_tularensis_subsp._novicida	0	0	2	2	1916455
Fusobacterium	Fusobacterium_hwasookii_ChDC_F206	1	6	6	8	2424685
Fusobacterium_canifelinum	Fusobacterium_canifelinum	0.427	1	3	4	2425164
Fusobacterium_gastrosuis	Fusobacterium_gastrosuis	0.655	4	6	9	1816688
Fusobacterium_gonidiaformans_ATCC_25563	NA	1	1	1	1	2502404
Fusobacterium_hwasookii	Fusobacterium_hwasookii	1	1	1	1	2351755
Fusobacterium_hwasookii_ChDC_F174	Fusobacterium_hwasookii_ChDC_F174	1	2	2	4	2463707
Fusobacterium_hwasookii_ChDC_F206	Fusobacterium_hwasookii_ChDC_F206	1	1	1	1	2424685
Fusobacterium_mortiferum_ATCC_9817	Fusobacterium_mortiferum_ATCC_9817	1	2	2	3	2716766
Fusobacterium_necrophorum	Fusobacterium_necrophorum	1	2	2	2	2678402
Fusobacterium_necrophorum_subsp._funduliforme	Fusobacterium_necrophorum_subsp._funduliforme	1	2	2	2	2288480
Fusobacterium_necrophorum_subsp._necrophorum	Fusobacterium_necrophorum_subsp._necrophorum	1	2	2	2	2678415
Fusobacterium_nucleatum	Fusobacterium_nucleatum_subsp._polymorphum	1	3	3	3	2521394
Fusobacterium_nucleatum_subsp._animalis	Fusobacterium_nucleatum_subsp._animalis	0.414	1	4	5	2490990
Fusobacterium_nucleatum_subsp._animalis_21_1A	Fusobacterium_nucleatum_subsp._animalis_21_1A	1	2	2	2	2154007
Fusobacterium_nucleatum_subsp._animalis_4_8	Fusobacterium_nucleatum_subsp._animalis_4_8	1	2	2	2	2261267
Fusobacterium_nucleatum_subsp._nucleatum_ATCC_23726	Fusobacterium_nucleatum_subsp._nucleatum_ATCC_23726	1	1	1	1	2299539
Fusobacterium_nucleatum_subsp._polymorphum	Fusobacterium_nucleatum_subsp._polymorphum	0.229	1	4	5	2600840
Fusobacterium_nucleatum_subsp._polymorphum_ATCC_10953	Fusobacterium_nucleatum_subsp._polymorphum	1	2	2	2	2521394
Fusobacterium_nucleatum_subsp._vincentii	Fusobacterium_nucleatum_subsp._vincentii	1	4	4	8	2052554
Fusobacterium_nucleatum_subsp._vincentii_ChDC_F8	Fusobacterium_nucleatum_subsp._vincentii_ChDC_F8	1	1	1	1	2038535
Fusobacterium_periodonticum	Fusobacterium_periodonticum	1	4	4	4	2541084
Fusobacterium_pseudoperiodonticum	Fusobacterium_pseudoperiodonticum	1	4	4	5	2273832
Fusobacterium_sp._oral_taxon_203	Fusobacterium_sp._oral_taxon_203	1	2	2	3	2126947
Fusobacterium_ulcerans	Fusobacterium_ulcerans	1	4	4	4	3537675
Fusobacterium_ulcerans_ATCC_49185	Fusobacterium_ulcerans_ATCC_49185	1	4	4	6	3839419
Fusobacterium_varium	Fusobacterium_varium	1	3	3	3	3302398
Fusobacterium_varium_ATCC_27725	Fusobacterium_varium_ATCC_27725	1	8	8	8	3303644
Goatpox_virus	NA	0	0	0	0	0
Haemophilus_influenzae	Haemophilus_influenzae	1	1	1	1	1848871
Haemophilus_influenzae_KR494	Haemophilus_influenzae	1	1	1	1	1834484
Helicobacter_cinaedi	Helicobacter_cinaedi	1	2	2	2	2221266
Helicobacter_pylori	Helicobacter_pylori	1	6	6	9	1619269
Helicobacter_pylori_SJM180	Helicobacter_pylori_SJM180	0	0	2	2	1658051
Helicobacter_pylori_Shi112	Helicobacter_pylori	1	1	1	1	1653624
Helicobacter_pylori_SouthAfrica7	Helicobacter_pylori_SouthAfrica7	1	2	2	3	1653913
Hepatitis_B_virus	NA	0	0	0	0	0
Hepatitis_E_virus	NA	0	0	0	0	0
Hepatitis_delta_virus	NA	0	0	0	0	0
Human_adenovirus_1	NA	0	0	0	0	0
Human_adenovirus_2	NA	0	0	0	0	0
Human_adenovirus_35	NA	0	0	0	0	0
Human_adenovirus_5	NA	0	0	0	0	0
Human_adenovirus_54	NA	0	0	0	0	0
Human_adenovirus_7	NA	0	0	0	0	0
Human_alphaherpesvirus_1	NA	0	0	0	0	0
Human_alphaherpesvirus_2	NA	0	0	0	0	0
Human_alphaherpesvirus_3	NA	0	0	0	0	0
Human_gammaherpesvirus_4	NA	0	0	0	0	0
Human_herpesvirus_4_type_2	NA	0	0	0	0	0
Human_mastadenovirus_C	NA	0	0	0	0	0
JC_polyomavirus	NA	0	0	0	0	0
Klebsiella_aerogenes	Klebsiella_aerogenes	1	4	4	5	5241093
Klebsiella_aerogenes_EA1509E	Klebsiella_aerogenes_EA1509E	1	4	4	5	5419609
Klebsiella_michiganensis	Klebsiella_michiganensis	1	7	7	8	5967911
Klebsiella_michiganensis_HKOPL1	Klebsiella_michiganensis_HKOPL1	0	0	2	2	5914407
Klebsiella_oxytoca	Klebsiella_oxytoca	1	5	5	5	5821257
Klebsiella_pneumoniae	Klebsiella_pneumoniae	0.593	5	8	9	5520319
Klebsiella_pneumoniae_subsp._pneumoniae	NA	1	1	1	1	2989870
Klebsiella_pneumoniae_subsp._pneumoniae_KPNIH27	Klebsiella_pneumoniae_subsp._pneumoniae_KPNIH27	1	1	1	1	89770
Klebsiella_pneumoniae_subsp._rhinoscleromatis	NA	0	0	0	0	0
Legionella_anisa	Legionella_anisa	1	14	14	17	4164783
Legionella_lansingensis	Legionella_lansingensis	1	11	11	13	2989256
Legionella_pneumophila	Legionella_pneumophila	1	9	9	11	3514598
Legionella_pneumophila_subsp._fraseri	Legionella_pneumophila_subsp._fraseri	1	4	4	5	3611000
Legionella_pneumophila_subsp._pascullei	Legionella_pneumophila_subsp._pascullei	0.757	3	5	5	3458918
Legionella_pneumophila_subsp._pneumophila	Legionella_pneumophila_subsp._pneumophila	1	3	3	4	3439446
Legionella_pneumophila_subsp._pneumophila_str._Philadelphia_1	Legionella_pneumophila_subsp._pneumophila	1	1	1	1	3409194
Leptospira_alexanderi	NA	0	0	0	0	0
Leptospira_alstonii	NA	0	0	0	0	0
Leptospira_biflexa	NA	0	0	0	0	0
Leptospira_biflexa_serovar_Patoc	Leptospira_biflexa_serovar_Patoc	0.438	1	3	3	3603977
Leptospira_borgpetersenii	Leptospira_borgpetersenii	1	1	1	1	3580756
Leptospira_borgpetersenii_serovar_Ceylonica	NA	0	0	2	2	4304501
Leptospira_broomii	NA	0	0	0	0	0
Leptospira_fainei	NA	0	0	0	0	0
Leptospira_inadai	NA	0	0	0	0	0
Leptospira_interrogans	Leptospira_interrogans	1	1	1	1	4497709
Leptospira_interrogans_serovar_Linhai_str._56609	Leptospira_interrogans_serovar_Linhai_str._56609	1	2	2	2	4331770
Leptospira_kirschneri	NA	0	0	0	0	0
Leptospira_kmetyi	Leptospira_kmetyi	1	2	2	2	489634
Leptospira_licerasiae	NA	0	0	0	0	0
Leptospira_noguchii	Leptospira_noguchii	1	4	4	5	4408823
Leptospira_santarosai	Leptospira_santarosai	1	3	3	3	3545388
Leptospira_santarosai_serovar_Shermani_str._LT_821	Leptospira_santarosai_serovar_Shermani_str._LT_821	1	1	1	1	3659905
Leptospira_weilii	Leptospira_weilii	0.266	1	5	8	4222777
Leptospira_wolffii	NA	0	0	0	0	0
Listeria_monocytogenes	NA	0	0	2	2	5138672
Listeria_monocytogenes_FSL_J1-208	Listeria_monocytogenes_FSL_J1-208	1	1	1	1	2776529
Listeria_monocytogenes_HCC23	Listeria_monocytogenes_HCC23	1	1	1	1	2976212
Listeria_monocytogenes_J1816	Listeria_monocytogenes_J1816	0	0	2	2	2947460
Listeria_monocytogenes_serotype_1/2a_str._08-7363	NA	0	0	2	2	2991907
Lumpy_skin_disease_virus	NA	0	0	0	0	0
Lymphocryptovirus	NA	0	0	0	0	0
Mannheimia_haemolytica	NA	0	0	0	0	0
Mannheimia_haemolytica_D174	Mannheimia_haemolytica	1	1	1	1	2753890
Measles_morbillivirus	NA	0	0	0	0	0
Methanobrevibacter_oralis	NA	0	0	0	0	0
Moraxella_catarrhalis	Moraxella_catarrhalis	1	1	1	1	1954607
Moraxella_catarrhalis_BBH18	Moraxella_catarrhalis_BBH18	1	4	4	4	1863286
Morbillivirus	NA	0	0	0	0	0
Mycobacterium_avium	Mycobacterium_avium_subsp._avium	0.929	36	41	50	4920207
Mycobacterium_avium_subsp._avium	Mycobacterium_avium_subsp._avium	0.874	3	5	6	4920207
Mycobacterium_avium_subsp._hominissuis	Mycobacterium_avium_subsp._hominissuis	1	13	13	16	5491452
Mycobacterium_avium_subsp._paratuberculosis	Mycobacterium_avium_subsp._paratuberculosis	1	9	9	10	4831261
Mycobacterium_canettii	Mycobacterium_canettii	1	6	6	8	4413237
Mycobacterium_colombiense	NA	0	0	0	0	0
Mycobacterium_colombiense_CECT_3035	Mycobacterium_colombiense_CECT_3035	0.827	28	34	40	5581643
Mycobacterium_intracellulare	Mycobacterium_intracellulare	0.796	14	18	25	5621211
Mycobacterium_intracellulare_subsp._yongonense	Mycobacterium_intracellulare_subsp._yongonense	1	15	15	16	5435152
Mycobacterium_kansasii	Mycobacterium_kansasii	0.91	37	41	48	6462452
Mycobacterium_leprae	NA	0	0	0	0	0
Mycobacterium_leprae_Kyoto-2	Mycobacterium_leprae_Kyoto-2	1	4	4	4	3268122
Mycobacterium_marseillense	Mycobacterium_marseillense	0.941	21	23	28	5487849
Mycobacterium_sp._JS623	Mycobacterium_sp._JS623	0.939	163	183	210	6464916
Mycobacterium_sp._YC-RL4	Mycobacterium_sp._YC-RL4	0.858	43	51	73	5801417
Mycobacterium_tuberculosis	Mycobacterium_tuberculosis	0.755	7	9	12	4641184
Mycobacterium_tuberculosis_KZN_1435	Mycobacterium_tuberculosis_KZN_1435	1	13	13	17	4398250
Mycobacterium_tuberculosis_complex	Mycobacterium_canettii	0.847	20	23	26	4413237
Mycobacterium_tuberculosis_variant_africanum	NA	0	0	0	0	0
Mycobacterium_tuberculosis_variant_bovis	NA	0	0	0	0	0
Mycobacteroides_abscessus	Mycobacteroides_abscessus_subsp._bolletii	0.766	13	18	21	5312857
Mycobacteroides_abscessus_subsp._abscessus	Mycobacteroides_abscessus	1	6	6	7	5214168
Mycobacteroides_abscessus_subsp._bolletii	Mycobacteroides_abscessus_subsp._bolletii	0.343	1	3	4	5312857
Mycobacteroides_abscessus_subsp._bolletii_50594	Mycobacteroides_abscessus_subsp._bolletii_50594	1	2	2	2	5000473
Mycobacteroides_abscessus_subsp._massiliense	Mycobacteroides_abscessus_subsp._massiliense	1	2	2	4	4936470
Mycobacteroides_abscessus_subsp._massiliense_CCUG_48898_=_JCM_15300	Mycobacteroides_abscessus_subsp._massiliense_CCUG_48898_=_JCM_15300	0.483	2	4	7	4978382
Mycoplasma_haemocanis	NA	0	0	0	0	0
Mycoplasma_haemocanis_str._Illinois	Mycoplasma_haemocanis_str._Illinois	1	1	1	1	919992
Mycoplasma_haemofelis	NA	0	0	0	0	0
Mycoplasma_mycoides	NA	0	0	0	0	0
Mycoplasma_ovipneumoniae	NA	0	0	0	0	0
Mycoplasma_pneumoniae	NA	0	0	0	0	0
Neisseria_elongata	NA	0	0	0	0	0
Neisseria_elongata_subsp._glycolytica	Neisseria_elongata_subsp._glycolytica	1	9	9	10	2249415
Neisseria_gonorrhoeae	Neisseria_gonorrhoeae	1	3	3	4	2229351
Neisseria_gonorrhoeae_NG-k51.05	Neisseria_gonorrhoeae_NG-k51.05	1	7	7	8	2232590
Neisseria_meningitidis	Neisseria_meningitidis	0.299	1	4	5	2158475
Neisseria_meningitidis_8013	Neisseria_meningitidis	1	1	1	1	2264367
Neisseria_meningitidis_H44/76	Neisseria_meningitidis_H44/76	1	1	1	1	2240883
Neisseria_meningitidis_M01-240355	Neisseria_meningitidis_M01-240355	1	2	2	2	2287777
Neisseria_meningitidis_M0579	Neisseria_meningitidis_M0579	1	2	2	2	2324822
Neisseria_meningitidis_NZ-05/33	Neisseria_meningitidis_NZ-05/33	1	2	2	2	2248966
Neisseria_meningitidis_serogroup_B	Neisseria_meningitidis_H44/76	1	2	2	3	2240883
Neisseria_mucosa	Neisseria_mucosa	1	1	1	1	2783943
Neisseria_sicca	Neisseria_sicca	1	3	3	3	2566407
Neisseria_subflava	Neisseria_subflava	1	4	4	4	2195659
Neisseria_weaveri	Neisseria_weaveri	0.516	2	4	4	2238481
Orthohepadnavirus	NA	0	0	0	0	0
Orthopoxvirus	NA	0	0	0	0	0
Paraavulavirus	NA	0	0	0	0	0
Parvimonas_micra	Parvimonas_micra	0.904	14	16	23	1661863
Pasteurella_multocida	NA	1	1	1	1	4899141
Pasteurella_multocida_subsp._multocida	Pasteurella_multocida_subsp._multocida	0.043	0	10	13	2386620
Pasteurella_multocida_subsp._multocida_OH4807	Pasteurella_multocida_subsp._multocida_OH4807	1	5	5	9	2079121
Pasteurella_multocida_subsp._multocida_P1062	Pasteurella_multocida_subsp._multocida_P1062	1	1	1	1	2699012
Pasteurella_multocida_subsp._multocida_str._HN06	Pasteurella_multocida_subsp._multocida_str._HN06	1	1	1	1	2402218
Peptostreptococcus_anaerobius	NA	0	0	0	0	0
Polyomaviridae	NA	0	0	0	0	0
Porphyromonas_gingivalis	Porphyromonas_gingivalis	1	2	2	2	2359159
Porphyromonas_gingivalis_A7A1-28	Porphyromonas_gingivalis_A7A1-28	1	2	2	2	2249024
Porphyromonas_gingivalis_ATCC_33277	Porphyromonas_gingivalis	1	1	1	1	2411481
Porphyromonas_gingivalis_W83	Porphyromonas_gingivalis	1	1	1	1	2478317
Rickettsia_africae	NA	0	0	0	0	0
Rickettsia_akari	NA	0	0	0	0	0
Rickettsia_akari_str._Hartford	NA	0	0	2	2	3308769
Rickettsia_conorii	Rickettsia_conorii	1	1	1	1	1344557
Rickettsia_felis	NA	0	0	0	0	0
Rickettsia_japonica	NA	0	0	0	0	0
Rickettsia_prowazekii	NA	0	0	0	0	0
Rickettsia_rickettsii	NA	0	0	0	0	0
Rickettsia_sibirica	NA	0	0	0	0	0
Rickettsia_typhi	NA	0	0	0	0	0
Salmonella_enterica	Salmonella_enterica_subsp._salamae	1	5	5	6	4786296
Salmonella_enterica_subsp._arizonae	Salmonella_enterica_subsp._arizonae	1	1	1	1	4916406
Salmonella_enterica_subsp._diarizonae_serovar_48:i:z	Salmonella_enterica_subsp._diarizonae_serovar_48:i:z	1	1	1	1	5361355
Salmonella_enterica_subsp._diarizonae_serovar_61:k:1,5,(7)	Salmonella_enterica	1	1	1	1	5431908
Salmonella_enterica_subsp._enterica	Salmonella_enterica	0.334	4	13	15	4551211
Salmonella_enterica_subsp._enterica_serovar_Choleraesuis	Salmonella_enterica_subsp._enterica_serovar_Choleraesuis	1	2	2	3	4261890
Salmonella_enterica_subsp._enterica_serovar_Dublin	Salmonella_enterica_subsp._enterica_serovar_Dublin	1	1	1	1	4844293
Salmonella_enterica_subsp._enterica_serovar_Kentucky	Salmonella_enterica_subsp._enterica_serovar_Kentucky	1	1	1	1	4900326
Salmonella_enterica_subsp._enterica_serovar_London	Salmonella_enterica_subsp._enterica_serovar_London	1	1	1	1	4682076
Salmonella_enterica_subsp._enterica_serovar_Muenster	Salmonella_enterica_subsp._enterica_serovar_Muenster	1	2	2	3	5000356
Salmonella_enterica_subsp._enterica_serovar_Napoli	Salmonella_enterica_subsp._enterica	1	1	1	1	4751926
Salmonella_enterica_subsp._enterica_serovar_Pomona	Salmonella_enterica_subsp._enterica_serovar_Pomona	1	1	1	1	4485606
Salmonella_enterica_subsp._enterica_serovar_Typhimurium	NA	0	0	0	0	0
Salmonella_enterica_subsp._houtenae_str._ATCC_BAA-1581	Salmonella_enterica_subsp._houtenae_str._ATCC_BAA-1581	1	3	3	3	4672567
Salmonella_enterica_subsp._salamae	Salmonella_enterica_subsp._salamae	1	3	3	5	4786296
Salmonella_enterica_subsp._salamae_serovar_55:k:z39_str._1315K	Salmonella_enterica_subsp._salamae_serovar_55:k:z39_str._1315K	0.494	2	4	4	4859044
Sheeppox_virus	NA	0	0	0	0	0
Shigella_boydii	NA	0	0	0	0	0
Shigella_dysenteriae	NA	0	0	0	0	0
Shigella_flexneri	Shigella_flexneri	1	1	1	6	4645776
Shigella_flexneri_3a	Shigella_flexneri_3a	0	0	2	2	4522047
Shigella_sonnei	NA	0	0	0	0	0
Simian_virus_12	NA	0	0	0	0	0
Staphylococcus_aureus	Staphylococcus_aureus	0.27	2	7	9	2814765
Staphylococcus_aureus_subsp._aureus_ED133	Staphylococcus_aureus	1	1	1	1	2824814
Staphylococcus_cohnii	Staphylococcus_cohnii	1	3	3	3	2712839
Staphylococcus_epidermidis	Staphylococcus_epidermidis	0.99	40	44	48	2727549
Staphylococcus_epidermidis_ATCC_12228	Staphylococcus_epidermidis_ATCC_12228	1	4	4	4	2499279
Staphylococcus_epidermidis_PM221	Staphylococcus_epidermidis_PM221	1	5	5	5	2490012
Staphylococcus_equorum	Staphylococcus_equorum	1	2	2	2	2753539
Staphylococcus_hominis	Staphylococcus_hominis	1	2	2	2	2202898
Staphylococcus_hominis_subsp._hominis	Staphylococcus_hominis_subsp._hominis	1	3	3	3	2253412
Staphylococcus_nepalensis	NA	0	0	0	0	0
Staphylococcus_saprophyticus	Staphylococcus_saprophyticus	1	2	2	2	2516640
Staphylococcus_simulans	Staphylococcus_simulans	1	4	4	4	2702288
Staphylococcus_succinus	Staphylococcus_succinus	0	0	2	2	2745675
Streptococcus_agalactiae	Streptococcus_agalactiae	1	1	1	1	2281602
Streptococcus_anginosus	NA	0	0	0	0	0
Streptococcus_canis	Streptococcus_canis	1	2	2	2	2178238
Streptococcus_cristatus	Streptococcus_cristatus	1	1	1	1	2176084
Streptococcus_dysgalactiae	NA	0	0	0	0	0
Streptococcus_equi	Streptococcus_equi_subsp._equi	1	2	2	3	2266249
Streptococcus_equi_subsp._zooepidemicus	Streptococcus_equi_subsp._zooepidemicus	1	2	2	2	2128266
Streptococcus_gallolyticus	NA	0	0	0	0	0
Streptococcus_gordonii	Streptococcus_gordonii	1	1	1	1	2222706
Streptococcus_gordonii_str._Challis_substr._CH1	NA	0	0	0	0	0
Streptococcus_intermedius	NA	0	0	0	0	0
Streptococcus_lutetiensis	Streptococcus_lutetiensis	1	1	1	1	1793521
Streptococcus_milleri	NA	0	0	0	0	0
Streptococcus_mitis	Streptococcus_mitis	1	3	3	3	2167922
Streptococcus_mitis_B6	Streptococcus_mitis_B6	1	1	1	1	2146611
Streptococcus_mutans	Streptococcus_mutans	1	1	1	1	2098341
Streptococcus_mutans_UA159	Streptococcus_mutans_UA159	1	3	3	3	2032925
Streptococcus_oralis	Streptococcus_oralis	1	2	2	2	1944085
Streptococcus_oralis_subsp._tigurinus	Streptococcus_oralis_subsp._tigurinus	0	0	2	2	1889005
Streptococcus_parauberis	NA	0	0	0	0	0
Streptococcus_parauberis_NCFD_2020	Streptococcus_parauberis	1	1	1	1	2128740
Streptococcus_pneumoniae	Streptococcus_pneumoniae	0.399	2	4	6	2126529
Streptococcus_pneumoniae_TIGR4	NA	1	1	1	1	3592195
Streptococcus_pyogenes	Streptococcus_pyogenes	1	1	1	1	1768863
Streptococcus_pyogenes_HKU_QMH11M0907901	Streptococcus_pyogenes	0	0	2	2	1944537
Streptococcus_salivarius	Streptococcus_salivarius	1	2	2	2	2254697
Streptococcus_salivarius_57.I	Streptococcus_salivarius	1	1	1	1	2242557
Streptococcus_sanguinis	Streptococcus_sanguinis	1	2	2	3	2360223
Streptococcus_sanguinis_SK36	Streptococcus_sanguinis_SK36	1	1	1	1	2388435
Streptococcus_sp._HSISM1	NA	0	0	0	0	0
Streptococcus_suis	Streptococcus_suis	0.775	9	13	17	2269695
Streptococcus_thermophilus	Streptococcus_thermophilus	1	1	1	1	1808421
Streptococcus_thermophilus_1F8CT	Streptococcus_thermophilus_1F8CT	1	1	1	1	1736449
Streptococcus_thermophilus_ND03	Streptococcus_thermophilus	1	1	1	1	1808421
Tannerella_forsythia	Tannerella_forsythia_92A2	1	2	2	2	3405521
Tannerella_forsythia_92A2	Tannerella_forsythia_92A2	1	3	3	3	3405521
Tannerella_forsythia_KS16	Tannerella_forsythia_KS16	1	1	1	1	3393002
Treponema	Treponema	1	4	4	6	2727014
Treponema_azotonutricium_ZAS-9	Treponema_azotonutricium_ZAS-9	1	5	5	5	3855671
Treponema_brennaborense_DSM_12168	Treponema_brennaborense_DSM_12168	0.829	7	9	9	3055580
Treponema_caldarium_DSM_7334	Treponema_caldarium_DSM_7334	1	4	4	4	3239340
Treponema_denticola	Treponema_denticola_OTK	1	1	1	1	2857526
Treponema_denticola_ATCC_35405	NA	0	0	0	0	0
Treponema_denticola_H-22	Treponema_denticola_H-22	1	1	1	1	2757856
Treponema_medium	NA	1	1	1	1	4679450
Treponema_pallidum	NA	0	0	0	0	0
Treponema_pallidum_subsp._pallidum	Treponema_pallidum_subsp._pallidum	1	1	1	1	1139569
Treponema_pallidum_subsp._pertenue	NA	0	0	0	0	0
Treponema_phagedenis	Treponema_phagedenis	1	3	3	4	3769422
Treponema_primitia_ZAS-2	Treponema_primitia_ZAS-2	1	9	9	9	4059867
Treponema_putidum	Treponema_putidum	1	1	1	1	2796913
Treponema_ruminis	Treponema_ruminis	0.021	0	3	6	2895582
Treponema_socranskii_subsp._buccale	Treponema_socranskii_subsp._buccale	1	7	7	8	2866542
Treponema_sp._OMZ_838	Treponema_sp._OMZ_838	1	1	1	1	2708067
Treponema_succinifaciens_DSM_2489	Treponema_succinifaciens_DSM_2489	0.418	1	3	6	2731853
Treponema_vincentii	Treponema_vincentii	1	1	1	1	2711688
Veillonella_parvula	NA	0	0	0	0	0
Veillonella_parvula_HSIVP1	Veillonella_parvula_HSIVP1	0.911	1	3	3	2177985
Vesicular_stomatitis_Indiana_virus	NA	0	0	0	0	0
Vibrio_anguillarum	Vibrio_anguillarum	1	2	2	3	3123307
Vibrio_anguillarum_775	Vibrio_anguillarum_775	1	2	2	3	3063912
Vibrio_cholerae	Vibrio_cholerae	1	2	2	2	2947818
Vibrio_cholerae_O1_biovar_El_Tor	Vibrio_cholerae	1	1	1	1	2963247
Vibrio_furnissii	Vibrio_furnissii	0.703	2	4	6	3371444
Vibrio_furnissii_NCTC_11218	Vibrio_furnissii_NCTC_11218	1	6	6	8	3294546
Vibrio_parahaemolyticus	Vibrio_parahaemolyticus	0.165	0	2	3	1814246
Vibrio_parahaemolyticus_UCM-V493	Vibrio_parahaemolyticus_UCM-V493	1	2	2	2	3445790
Vibrio_splendidus	Vibrio_splendidus	0.467	1	3	4	1986441
Vibrio_vulnificus	Vibrio_vulnificus	1	1	1	5	68446
Vibrio_vulnificus_CMCP6	Vibrio_vulnificus	1	1	1	1	1882082
Vibrio_vulnificus_Env1	Vibrio_vulnificus_Env1	1	2	2	2	1712705
Yersinia_aldovae	NA	0	0	0	0	0
Yersinia_aleksiciae	NA	0	0	0	0	0
Yersinia_enterocolitica	Yersinia_enterocolitica	1	2	2	3	4616187
Yersinia_enterocolitica_LC20	Yersinia_enterocolitica_LC20	1	1	1	1	4722762
Yersinia_enterocolitica_subsp._enterocolitica	Yersinia_enterocolitica_subsp._enterocolitica	1	2	2	3	4558409
Yersinia_enterocolitica_subsp._palearctica_105.5R(r)	Yersinia_enterocolitica_subsp._palearctica_105.5R(r)	1	2	2	2	4552107
Yersinia_intermedia	Yersinia_intermedia	1	1	1	1	4960650
Yersinia_pestis	Yersinia_pestis	1	2	2	2	4636545
Yersinia_pestis_CO92	NA	0	0	0	0	0
Yersinia_pseudotuberculosis	NA	0	0	0	0	0
Yersinia_pseudotuberculosis_complex	Yersinia_pseudotuberculosis	1	3	3	3	4729753
Yersinia_rohdei	Yersinia_rohdei	0	0	2	2	4372253
Yersinia_ruckeri	Yersinia_ruckeri	1	2	2	4	3778702
Yersinia_similis	Yersinia_similis	1	1	1	1	4903722
